{
  "type": "python",
  "neverRecomputeExistingPartitions": false,
  "optionalDependencies": false,
  "params": {
    "envSelection": {
      "envMode": "INHERIT"
    },
    "containerSelection": {
      "containerMode": "INHERIT"
    },
    "skipPrerunValidate": false
  },
  "customMeta": {
    "kv": {}
  },
  "redispatchPartitioning": false,
  "maxRunningActivities": 0,
  "variables": {},
  "dkuProperties": [],
  "inputs": {
    "main": {
      "items": [
        {
          "ref": "df_spotify_retieved_datas_claude_1",
          "deps": []
        }
      ]
    }
  },
  "outputs": {
    "main": {
      "items": [
        {
          "ref": "artists_popularity",
          "appendMode": false
        }
      ]
    }
  },
  "labels": [],
  "versionTag": {
    "versionNumber": 9,
    "lastModifiedBy": {
      "login": "claude.seguret"
    },
    "lastModifiedOn": 1662640297748
  },
  "creationTag": {
    "versionNumber": 0,
    "lastModifiedBy": {
      "login": "claude.seguret"
    },
    "lastModifiedOn": 1662631961958
  },
  "tags": [],
  "customFields": {},
  "checklists": {
    "checklists": []
  }
}