{
  "projectKey": "UNIVERSALMUSICADV",
  "id": "SPOTIFY",
  "type": "step_based",
  "name": "spotify",
  "active": true,
  "creationTag": {
    "versionNumber": 4,
    "lastModifiedBy": {
      "login": "claude.seguret"
    },
    "lastModifiedOn": 1662632294727
  },
  "versionTag": {
    "versionNumber": 5,
    "lastModifiedBy": {
      "login": "claude.seguret"
    },
    "lastModifiedOn": 1662632299581
  },
  "checklists": {
    "checklists": []
  },
  "delayedTriggersBehavior": {
    "delayWhileRunning": true,
    "squashDelayedTriggers": true,
    "suppressTriggersWhileRunning": true
  },
  "tags": [],
  "triggers": [
    {
      "id": "SafXxZUo",
      "type": "temporal",
      "name": "Time-based",
      "delay": 5,
      "active": true,
      "params": {
        "repeatFrequency": 1,
        "frequency": "Hourly",
        "startingFrom": "2022-09-08T10:09:00.000Z",
        "daysOfWeek": [
          "Thursday"
        ],
        "monthlyRunOn": "ON_THE_DAY",
        "minute": 9,
        "hour": 12,
        "timezone": "SERVER"
      }
    }
  ],
  "reporters": [
    {
      "active": true,
      "messaging": {
        "type": "mail-scenario",
        "configuration": {
          "subject": "DSS scenario ${scenarioName}: ${outcome}",
          "recipient": "claude.seguret@laposte.fr",
          "sendAsHTML": false,
          "attachments": [],
          "messageSource": "TEMPLATE_FILE",
          "templateFormat": "FREEMARKER",
          "templateName": "default.ftl"
        }
      },
      "id": "pZUPoTjo",
      "name": "mail claude",
      "runConditionEnabled": true,
      "runCondition": "outcome !\u003d \u0027SUCCESS\u0027",
      "phase": "END"
    }
  ],
  "params": {
    "steps": [
      {
        "id": "build_2_true_d_artists_popularity",
        "type": "build_flowitem",
        "name": "Step #1",
        "runConditionType": "RUN_IF_STATUS_MATCH",
        "runConditionStatuses": [
          "SUCCESS",
          "WARNING"
        ],
        "runConditionExpression": "",
        "resetScenarioStatus": false,
        "delayBetweenRetries": 10,
        "maxRetriesOnFail": 0,
        "params": {
          "builds": [
            {
              "type": "DATASET",
              "itemId": "artists_popularity",
              "partitionsSpec": ""
            }
          ],
          "jobType": "RECURSIVE_FORCED_BUILD",
          "refreshHiveMetastore": true,
          "proceedOnFailure": false
        }
      }
    ]
  },
  "automationLocal": false,
  "customFields": {}
}