{
  "projectKey": "UNIVERSALMUSICADV",
  "id": "SPOTIFY_IN_OUT",
  "type": "step_based",
  "name": "spotify_in_out",
  "active": true,
  "creationTag": {
    "versionNumber": 1,
    "lastModifiedBy": {
      "login": "claude.seguret"
    },
    "lastModifiedOn": 1662641094430
  },
  "versionTag": {
    "versionNumber": 2,
    "lastModifiedBy": {
      "login": "claude.seguret"
    },
    "lastModifiedOn": 1662641095976
  },
  "checklists": {
    "checklists": []
  },
  "delayedTriggersBehavior": {
    "delayWhileRunning": true,
    "squashDelayedTriggers": true,
    "suppressTriggersWhileRunning": true
  },
  "tags": [],
  "triggers": [
    {
      "id": "9vNdfgmj",
      "type": "temporal",
      "name": "Time-based",
      "delay": 5,
      "active": true,
      "params": {
        "repeatFrequency": 1,
        "frequency": "Hourly",
        "startingFrom": "2022-09-08T12:43:00.000Z",
        "daysOfWeek": [
          "Thursday"
        ],
        "monthlyRunOn": "ON_THE_DAY",
        "minute": 43,
        "hour": 14,
        "timezone": "SERVER"
      }
    }
  ],
  "reporters": [],
  "params": {
    "steps": [
      {
        "id": "build_0_true_d_df_artist_to_insert",
        "type": "build_flowitem",
        "name": "Step #1",
        "runConditionType": "RUN_IF_STATUS_MATCH",
        "runConditionStatuses": [
          "SUCCESS",
          "WARNING"
        ],
        "runConditionExpression": "",
        "resetScenarioStatus": false,
        "delayBetweenRetries": 10,
        "maxRetriesOnFail": 0,
        "params": {
          "builds": [
            {
              "type": "DATASET",
              "itemId": "df_artist_to_insert",
              "partitionsSpec": ""
            }
          ],
          "jobType": "RECURSIVE_BUILD",
          "refreshHiveMetastore": true,
          "proceedOnFailure": false
        }
      }
    ]
  },
  "automationLocal": false,
  "customFields": {}
}