{
  "pages": [
    {
      "id": "Sh8sBD1",
      "grid": {
        "tiles": []
      },
      "showTitle": false
    }
  ],
  "owner": "claude.seguret",
  "listed": true,
  "name": "UniversalMusicAdv\u0027s default dashboard",
  "showGrid": true,
  "versionTag": {
    "versionNumber": 0,
    "lastModifiedBy": {
      "login": "claude.seguret"
    },
    "lastModifiedOn": 1662458297546
  },
  "creationTag": {
    "versionNumber": 0,
    "lastModifiedBy": {
      "login": "claude.seguret"
    },
    "lastModifiedOn": 1662458297546
  },
  "tags": [],
  "customFields": {},
  "checklists": {
    "checklists": []
  }
}