,id,playlist_id,playlist_name,artist_id,artist_name,date,status
0,1,79pUFoqsqWvOyqtO6ZCkrU,top 2 chansons,5B6H1Dq77AV1LZWrbNsuH5,Jarabe De Palo,2022-09-07 18:09:18+00:00,in
0,2,2e2dR6QrjM3sCroLHprQQz,playlist kraftwerk,5SmwbD3wqrybVclRKTbr1M,Space,2022-09-07 18:09:18+00:00,in
1,3,2e2dR6QrjM3sCroLHprQQz,playlist kraftwerk,0EPf9vAXPdFV5Ezp1sMX8B,Visage,2022-09-07 18:09:18+00:00,in
2,4,2e2dR6QrjM3sCroLHprQQz,playlist kraftwerk,6hN9F0iuULZYWXppob22Aj,Simple Minds,2022-09-07 18:09:18+00:00,in
3,5,2e2dR6QrjM3sCroLHprQQz,playlist kraftwerk,6jU2Tt13MmXYk0ZBv1KmfO,Giorgio Moroder,2022-09-07 18:09:18+00:00,in
4,6,2e2dR6QrjM3sCroLHprQQz,playlist kraftwerk,3xgj17ZsWxxU86S4qlWvOi,Yello,2022-09-07 18:09:18+00:00,in
5,7,2e2dR6QrjM3sCroLHprQQz,playlist kraftwerk,0dmPX6ovclgOy8WWJaFEUU,Kraftwerk,2022-09-07 18:09:18+00:00,in
