6hN9F0iuULZYWXppob22Aj	Simple Minds	2022-09-08T14:32:54.000Z	2e2dR6QrjM3sCroLHprQQz	playlist kraftwerk	out
6jU2Tt13MmXYk0ZBv1KmfO	Giorgio Moroder	2022-09-08T14:32:54.000Z	2e2dR6QrjM3sCroLHprQQz	playlist kraftwerk	out
3tAICgiSR5PfYY4B8qsoAU	Andrés Calamaro	2022-09-08T14:32:54.000Z	79pUFoqsqWvOyqtO6ZCkrU	top 2 chansons	in
5B6H1Dq77AV1LZWrbNsuH5	Jarabe De Palo	2022-09-08T14:32:54.000Z	79pUFoqsqWvOyqtO6ZCkrU	top 2 chansons	stay
5SmwbD3wqrybVclRKTbr1M	Space	2022-09-08T14:32:54.000Z	2e2dR6QrjM3sCroLHprQQz	playlist kraftwerk	stay
0EPf9vAXPdFV5Ezp1sMX8B	Visage	2022-09-08T14:32:54.000Z	2e2dR6QrjM3sCroLHprQQz	playlist kraftwerk	stay
3xgj17ZsWxxU86S4qlWvOi	Yello	2022-09-08T14:32:54.000Z	2e2dR6QrjM3sCroLHprQQz	playlist kraftwerk	stay
0dmPX6ovclgOy8WWJaFEUU	Kraftwerk	2022-09-08T14:32:54.000Z	2e2dR6QrjM3sCroLHprQQz	playlist kraftwerk	stay
